{
  "width": 159,
  "stdout": [
    [
      1.009349,
      "$"
    ],
    [
      0.180306,
      " n"
    ],
    [
      0.090183,
      "o"
    ],
    [
      0.090219,
      "de"
    ],
    [
      0.090323,
      " "
    ],
    [
      0.090086,
      "te"
    ],
    [
      0.090165,
      "s"
    ],
    [
      0.09023,
      "t/"
    ],
    [
      0.090147,
      "t"
    ],
    [
      0.090241,
      "ap"
    ],
    [
      0.180351,
      "-"
    ],
    [
      0.09021,
      "ou"
    ],
    [
      0.090199,
      "t"
    ],
    [
      0.09014,
      "pu"
    ],
    [
      0.090353,
      "t"
    ],
    [
      0.090145,
      ".j"
    ],
    [
      0.090126,
      "s"
    ],
    [
      0.090164,
      " |"
    ],
    [
      0.090207,
      " "
    ],
    [
      0.180491,
      "ta"
    ],
    [
      0.090069,
      "p"
    ],
    [
      0.090439,
      "-r"
    ],
    [
      0.090063,
      "e"
    ],
    [
      0.090218,
      "po"
    ],
    [
      0.09017,
      "r"
    ],
    [
      0.090163,
      "t\r\n"
    ],
    [
      2.194779,
      "\u001b[1mTAP version 13\u001b[22m\r\n"
    ],
    [
      0.00024,
      "\u001b[1m\u001b[22m\r\n"
    ],
    [
      0.000185,
      "\u001b[1m# Tests\u001b[22m\r\n"
    ],
    [
      3e-05,
      "\u001b[1m\u001b[22m\r\n"
    ],
    [
      0.001357,
      "\u001b[32m✔\u001b[39m  1 - foo (3ms)\r\n"
    ],
    [
      0.00902,
      "\u001b[32m✔\u001b[39m  \u001b[2m2\u001b[22m - \u001b[2mbar\u001b[22m (9ms)\r\n"
    ],
    [
      0.005151,
      "\u001b[31m✖\u001b[39m  3 - lala land (5ms)\r\n"
    ],
    [
      4.1e-05,
      "    \u001b[1m\u001b[22m\r\n    \u001b[1m# Error\u001b[22m\r\n"
    ],
    [
      0.002061,
      "    \u001b[31m1\u001b[39m => \u001b[32m2\u001b[39m\r\n"
    ],
    [
      0.000275,
      "    \u001b[1m\u001b[22m\r\n    \u001b[1m# File\u001b[22m\r\n"
    ],
    [
      6.7e-05,
      "    \u001b[2mtest/tap-output.js:31:5\u001b[22m\r\n"
    ],
    [
      2.7e-05,
      "    \r\n"
    ],
    [
      0.000392,
      "    \u001b[2m30: tap.test('get thing', { bail: true }, t => {\u001b[22m\r\n"
    ],
    [
      3.3e-05,
      "    31:   t.equal(1, 2, 'lala land');\r\n"
    ],
    [
      2.2e-05,
      "    \u001b[2m32:   t.equal(2, 2, 'olololo');\u001b[22m\r\n"
    ],
    [
      2.1e-05,
      "\r\n"
    ],
    [
      0.000554,
      "\u001b[31mBail out! # lala land\u001b[39m\r\n"
    ],
    [
      0.002442,
      "\u001b[1m\u001b[22m\r\n\u001b[1m# Summary\u001b[22m\r\n\u001b[1m\u001b[22m\r\n"
    ],
    [
      2.2e-05,
      "Passed: \u001b[32m2\u001b[39m\r\n"
    ],
    [
      1.8e-05,
      "Failed: \u001b[31m1\u001b[39m\r\n"
    ],
    [
      1.2e-05,
      "Total: 3\r\n"
    ],
    [
      1.3e-05,
      "\r\n"
    ],
    [
      1e-05,
      "Duration: 23ms\r\n"
    ],
    [
      5e-05,
      "\u001b[31m\u001b[39m\r\n"
    ],
    [
      1.8e-05,
      "\u001b[31m1 out of 3 tests failed!\u001b[39m\r\n"
    ]
  ],
  "duration": 9.751598,
  "height": 43,
  "version": 1,
  "title": "tap-report",
  "env": {
    "SHELL": "/bin/bash",
    "TERM": "xterm-256color"
  },
  "command": "\n    export PS1=\"\\$ \"\n    sleep 1\n    echo \"$ node test/tap-output.js | tap-report\" | pv -qL 15\n    sleep 2\n    node test/tap-output.js | tap-report\n    sleep 4\n    printf \"\"\n"
}